"DESCRIPTION","DURATION IN MS","NAME","PARENT SUITE","START TIME","STATUS","STOP TIME","SUB SUITE","SUITE","TEST CLASS","TEST METHOD"
"","1442","Registration with invalid data","tests","2026-10-01","passed","2026-10-01","","test_registration","",""
"","1493","Contact -send message","tests","2026-10-01","passed","2026-10-01","","test_send_message","",""
"","1598","Log in with wrong username/password","tests","2026-10-01","passed","2026-10-01","","test_authorization","",""
"","1635","Registration with valid data","tests","2026-10-01","passed","2026-10-01","","test_registration","",""
"","1368","Registration with invalid data","tests","2026-10-01","passed","2026-10-01","","test_registration","",""
"","1807","Registration with invalid data","tests","2026-10-01","passed","2026-10-01","","test_registration","",""
"","1476","Log in with wrong username/password","tests","2026-10-01","passed","2026-10-01","","test_authorization","",""
"","8145","Purchase products","tests","2026-10-01","passed","2026-10-01","","test_purchase_product","",""
"","1597","Log in with wrong username/password","tests","2026-10-01","passed","2026-10-01","","test_authorization","",""
"","1553","Log in with wrong username/password","tests","2026-10-01","passed","2026-10-01","","test_authorization","",""
"","6334","E2E: Registration, Log in, Purchase product, Log out","tests","2026-10-01","passed","2026-10-01","","test_e2e_registration_log_in_purcgase_log_out","",""
"","2563","About us - view video","tests","2026-10-01","passed","2026-10-01","","test_view_about_us","",""
"","1699","Log in with wrong username/password","tests","2026-10-01","passed","2026-10-01","","test_authorization","",""
"","954","Log out","tests","2026-10-01","passed","2026-10-01","","test_authorization","",""
"","1415","Registration with invalid data","tests","2026-10-01","passed","2026-10-01","","test_registration","",""
"","1999","Log in with valid username and password","tests","2026-10-01","passed","2026-10-01","","test_authorization","",""
