"BROKEN","EPIC","FAILED","FEATURE","PASSED","SKIPPED","STORY","UNKNOWN"
"0","Demoblaze","0","Authorization","5","0","Log in with wrong credentials","0"
"0","Demoblaze","0","Registration","1","0","Registration with valid data","0"
"0","Demoblaze","1","Registration, Log in, Purchase product, Log out","0","0","E2E scenario","0"
"0","Demoblaze","0","Authorization","1","0","Log out","0"
"0","Demoblaze","0","Registration","4","0","Registration with invalid data + existed user","0"
"0","Demoblaze","0","Authorization","1","0","Log in with valid data","0"
"0","Demoblaze","0","Navigation","1","0","Send message","0"
"0","Demoblaze","1","Purchase products","0","0","Select products, delete product, place order","0"
"0","Demoblaze","0","Navigation","1","0","View About us","0"
